{
  "sheetsById": {
    "default": {
      "staticOverrides": {
        "byObject": {
          "logo / the": {
            "color": {
              "r": 0.7176470588235294,
              "g": 0.6705882352941176,
              "b": 0.592156862745098,
              "a": 1
            },
            "position": {
              "x": 2.0145096990353886,
              "y": 0.08162280330205995,
              "z": -2.6975714937400426
            },
            "rotation": {
              "x": 0,
              "y": 0,
              "z": 0
            },
            "scale": {
              "x": 1,
              "y": 1,
              "z": 1
            }
          },
          "logo / co": {
            "color": {
              "r": 0.7176470588235294,
              "g": 0.6705882352941176,
              "b": 0.592156862745098,
              "a": 1
            },
            "position": {
              "x": 8.542004108171145,
              "y": -0.13374715862640857,
              "z": 8.039760025749104
            },
            "rotation": {
              "x": 0,
              "y": 0,
              "z": 0
            },
            "scale": {
              "x": 1,
              "y": 1,
              "z": 1
            }
          },
          "logo / creative-facades": {
            "color": {
              "r": 0.8392156862745098,
              "g": 0.2784313725490196,
              "b": 0.596078431372549,
              "a": 1
            },
            "position": {
              "x": 0,
              "y": 0,
              "z": 4.055916408632697
            },
            "rotation": {
              "x": 0,
              "y": 0,
              "z": 0
            },
            "scale": {
              "x": 1,
              "y": 1,
              "z": 1
            }
          },
          "logo": {
            "secondary": {
              "r": 0.8274509803921568,
              "g": 0.8313725490196079,
              "b": 0.6745098039215687,
              "a": 1
            },
            "primary": {
              "r": 0.8,
              "g": 0.15294117647058825,
              "b": 0.5215686274509804,
              "a": 1
            },
            "position": {
              "x": -0.5287847454157787,
              "y": -0.04793036247794338,
              "z": -0.48968547543305607
            },
            "rotation": {
              "x": 0,
              "y": 0,
              "z": 0
            },
            "scale": {
              "x": 0.1,
              "y": 0.1,
              "z": 0.1
            },
            "height": 0.13
          },
          "camera": {
            "zoom": 1.5
          },
          "swissknife.glb": {
            "position": {
              "x": 6.462222120540963,
              "y": -0.3082501189157387,
              "z": -3.954240602992895
            },
            "rotation": {
              "x": 0,
              "y": 0,
              "z": 0
            },
            "scale": {
              "x": 0.5,
              "y": 0.5,
              "z": 0.5
            }
          },
          "rocket.glb": {
            "position": {
              "x": -0.21900755381840542,
              "y": 0,
              "z": 6.3390191426558
            },
            "rotation": {
              "x": 0,
              "y": 0,
              "z": 0
            },
            "scale": {
              "x": 4,
              "y": 4,
              "z": 4
            }
          },
          "lighthouse.glb": {
            "scale": {
              "x": 0.6,
              "y": 0.6,
              "z": 0.6
            },
            "position": {
              "x": -2.212776444845424,
              "y": -0.26382127203407213,
              "z": -1.9972280682340346
            },
            "rotation": {
              "x": 0,
              "y": 0,
              "z": 0
            }
          },
          "computer.glb": {
            "position": {
              "x": 8.312983370192104,
              "y": 0.9417383149483346,
              "z": 4.324863213680243
            },
            "rotation": {
              "x": 0,
              "y": 0,
              "z": 0
            },
            "scale": {
              "x": 3,
              "y": 3,
              "z": 3
            }
          },
          "group": {
            "position": {
              "x": 6,
              "y": -4.5,
              "z": 6
            },
            "rotation": {
              "x": 0,
              "y": 0,
              "z": 0
            },
            "scale": {
              "x": 1.2,
              "y": 1.2,
              "z": 1.2
            }
          },
          "group / computer.glb": {
            "position": {
              "x": 9.73023527337134,
              "y": 2.6262296728921903,
              "z": 0.26976472662865925
            },
            "rotation": {
              "x": 0,
              "y": 0,
              "z": 0
            },
            "scale": {
              "x": 5,
              "y": 5,
              "z": 5
            }
          },
          "group / swissknife.glb": {
            "position": {
              "x": -10,
              "y": -0.6931165220947211,
              "z": 0
            },
            "rotation": {
              "x": 0,
              "y": 0,
              "z": 0
            },
            "scale": {
              "x": 1,
              "y": 1,
              "z": 1
            }
          },
          "group / rocket.glb": {
            "position": {
              "z": 11.924283442826935,
              "x": 1.9242834428269349,
              "y": -1.085797358673563
            },
            "scale": {
              "x": 12,
              "y": 12,
              "z": 12
            },
            "rotation": {
              "x": 0,
              "z": 40,
              "y": 0
            }
          },
          "group / lighthouse.glb": {
            "position": {
              "z": -10,
              "y": -1
            },
            "scale": {
              "x": 1.3,
              "y": 1.3,
              "z": 1.3
            }
          }
        }
      }
    }
  },
  "definitionVersion": "0.4.0",
  "revisionHistory": [
    "4Q3IYdTf2Nbugxum"
  ]
}